{"loss": [0.8264630436897278, 0.680280327796936, 0.5954992175102234, 0.5374494194984436, 0.5025085210800171, 0.4679870009422302, 0.4354202449321747, 0.41442617774009705, 0.39611759781837463, 0.37519747018814087], "acc": [0.629202663898468, 0.6320845484733582, 0.6723236441612244, 0.7261180281639099, 0.751307487487793, 0.7701995968818665, 0.7826876044273376, 0.7948553562164307, 0.8372291326522827, 0.8432063460350037], "val_loss": [0.7292402982711792, 0.6327822804450989, 0.608354389667511, 0.5963274240493774, 0.5969327092170715, 0.5910162329673767, 0.5940435528755188, 0.6114475131034851, 0.6077725887298584, 0.62506103515625], "val_acc": [0.6060606241226196, 0.6060606241226196, 0.6649594306945801, 0.6858727931976318, 0.6909944415092468, 0.6995305418968201, 0.6986768841743469, 0.755014955997467, 0.7661118507385254, 0.7703798413276672]}