{"loss": [0.5216186046600342, 0.4245281517505646, 0.3842122554779053, 0.3555946350097656, 0.33894526958465576, 0.32362568378448486, 0.3102956712245941, 0.3063117265701294, 0.2964470088481903, 0.2894853949546814], "acc": [0.6320845484733582, 0.6707226037979126, 0.7110683917999268, 0.7560038566589355, 0.7878108620643616, 0.8017931580543518, 0.8212189078330994, 0.8258085250854492, 0.8373358845710754, 0.8375493884086609], "val_loss": [0.45594659447669983, 0.4094049036502838, 0.40099871158599854, 0.3980025053024292, 0.40186387300491333, 0.3979608714580536, 0.3997804522514343, 0.40518757700920105, 0.4021395146846771, 0.40936315059661865], "val_acc": [0.6269739866256714, 0.7276995182037354, 0.7366623878479004, 0.7473324537277222, 0.7516005039215088, 0.7597097754478455, 0.7618438005447388, 0.7639778256416321, 0.7686726450920105, 0.7725138664245605]}