{"loss": [0.8791831135749817, 0.7028206586837769, 0.6019945740699768, 0.5403730869293213, 0.4951872229576111, 0.45862895250320435, 0.42510321736335754, 0.39622563123703003, 0.37399470806121826, 0.35067054629325867], "acc": [0.626107394695282, 0.6890810132026672, 0.7359376549720764, 0.7665706276893616, 0.793681263923645, 0.8174831867218018, 0.834027111530304, 0.8548404574394226, 0.8623118996620178, 0.8726651668548584], "val_loss": [0.7835654020309448, 0.6942368149757385, 0.6550376415252686, 0.6469376087188721, 0.655964732170105, 0.6433649659156799, 0.6519860029220581, 0.660225510597229, 0.6691267490386963, 0.6871311068534851], "val_acc": [0.6175842881202698, 0.6978232860565186, 0.755014955997467, 0.7580025792121887, 0.7592829465866089, 0.760136604309082, 0.7656850218772888, 0.7639778256416321, 0.7652581930160522, 0.7635509967803955]}