{"loss": [1.013993740081787, 0.7111408710479736, 0.6152679324150085, 0.5450772047042847, 0.5020621418952942, 0.4678405225276947, 0.43650031089782715, 0.4227086901664734, 0.3997134864330292, 0.3921978175640106], "acc": [0.6272814869880676, 0.714483916759491, 0.7516276836395264, 0.7813000082969666, 0.8087309002876282, 0.8237805366516113, 0.8412851095199585, 0.8464083671569824, 0.8656206727027893, 0.8695698380470276], "val_loss": [0.7964199185371399, 0.6984858512878418, 0.6656814813613892, 0.6600459218025208, 0.7007197737693787, 0.6878368854522705, 0.738763153553009, 0.7059382200241089, 0.7423180341720581, 0.7155870795249939], "val_acc": [0.6794707775115967, 0.7042253613471985, 0.7234315276145935, 0.7396500110626221, 0.7276995182037354, 0.7396500110626221, 0.735808789730072, 0.7383695840835571, 0.7447716593742371, 0.7392232418060303]}