{"loss": [1.002512812614441, 0.8617953658103943, 0.8315039873123169, 0.8003415465354919, 0.7896127700805664, 0.7779412269592285, 0.7710129618644714, 0.758212149143219, 0.7604508996009827, 0.7624044418334961, 0.7568851113319397, 0.7522278428077698, 0.7533593773841858, 0.7556856274604797, 0.7539138197898865, 0.7518198490142822, 0.7438017725944519, 0.7483436465263367, 0.7489793300628662, 0.7440506219863892, 0.7466762065887451, 0.7475053668022156, 0.748266339302063, 0.741421103477478, 0.7471530437469482], "acc": [0.6036930084228516, 0.6525776386260986, 0.6658127903938293, 0.6780872941017151, 0.680648922920227, 0.6821432113647461, 0.6870530247688293, 0.6975131034851074, 0.701355516910553, 0.6945244669914246, 0.6968726515769958, 0.6976197957992554, 0.6994342803955078, 0.6929234862327576, 0.6913224458694458, 0.6991140842437744, 0.7071192264556885, 0.6983669400215149, 0.6975131034851074, 0.699754536151886, 0.6983669400215149, 0.6982602477073669, 0.6993275880813599, 0.7008218765258789, 0.7010353207588196], "val_loss": [0.8629105091094971, 0.801310122013092, 0.7809604406356812, 0.7574241757392883, 0.7463998794555664, 0.7330598831176758, 0.736007034778595, 0.7361142039299011, 0.726195216178894, 0.7330318689346313, 0.7308360934257507, 0.7270709872245789, 0.7303244471549988, 0.725663959980011, 0.7227731347084045, 0.7205463647842407, 0.7210792303085327, 0.721430242061615, 0.7187743782997131, 0.7241094708442688, 0.7215160727500916, 0.7192072868347168, 0.7166268825531006, 0.716481626033783, 0.7153469920158386], "val_acc": [0.6086214184761047, 0.6564233899116516, 0.6700810790061951, 0.6820315718650818, 0.6845924258232117, 0.690567672252655, 0.6922748684883118, 0.6871532201766968, 0.6884336471557617, 0.6867263913154602, 0.6833119988441467, 0.6884336471557617, 0.6901408433914185, 0.6909944415092468, 0.6888604164123535, 0.6948356628417969, 0.6939820647239685, 0.6999573111534119, 0.6986768841743469, 0.6969696879386902, 0.6961160898208618, 0.6961160898208618, 0.6999573111534119, 0.6986768841743469, 0.6973965167999268]}