{"loss": [0.8375114798545837, 0.5681820511817932, 0.44067275524139404, 0.35297906398773193, 0.31479769945144653, 0.27992522716522217, 0.2562050223350525, 0.23065704107284546, 0.2210620492696762, 0.21073532104492188], "acc": [0.6778738498687744, 0.7941082119941711, 0.8440601825714111, 0.8799231648445129, 0.8926246166229248, 0.9035115838050842, 0.9149322509765625, 0.92133629322052, 0.9244316220283508, 0.9293414354324341], "val_loss": [0.6833252310752869, 0.6008262634277344, 0.5917055606842041, 0.6126455068588257, 0.7105890512466431, 0.6762060523033142, 0.6604514718055725, 0.7432100176811218, 0.8065792918205261, 0.7816532850265503], "val_acc": [0.7392232418060303, 0.7767819166183472, 0.7780622839927673, 0.7737942934036255, 0.7742210626602173, 0.7669654488563538, 0.7695262432098389, 0.7656850218772888, 0.7644045948982239, 0.7580025792121887]}