{"loss": [0.9537969827651978, 0.6483995914459229, 0.5519379377365112, 0.4838217794895172, 0.42250317335128784, 0.37634214758872986, 0.335417240858078, 0.31616947054862976, 0.2921014726161957, 0.2878665328025818], "acc": [0.6410502791404724, 0.7417013645172119, 0.7883445620536804, 0.82890385389328, 0.8572953343391418, 0.8786423206329346, 0.8956131935119629, 0.9081012010574341, 0.9129042625427246, 0.9152524471282959], "val_loss": [0.7390268445014954, 0.6685027480125427, 0.636481761932373, 0.6649026274681091, 0.6619560718536377, 0.6705076694488525, 0.6392204165458679, 0.6749200820922852, 0.7622562050819397, 0.7246958613395691], "val_acc": [0.7285531163215637, 0.7272727489471436, 0.7580025792121887, 0.7631242275238037, 0.7669654488563538, 0.7827571630477905, 0.777208685874939, 0.781049907207489, 0.7725138664245605, 0.7673922181129456]}