{"loss": [0.9011484980583191, 0.7412700653076172, 0.6473081707954407, 0.5842046737670898, 0.5343162417411804, 0.5005436539649963, 0.47545039653778076, 0.4437456727027893, 0.4223499596118927, 0.40142005681991577], "acc": [0.6271747350692749, 0.677553653717041, 0.7227025032043457, 0.7530152797698975, 0.7794855237007141, 0.7990180253982544, 0.8135340213775635, 0.8269826173782349, 0.8414985537528992, 0.8491834998130798], "val_loss": [0.8171454071998596, 0.731373131275177, 0.6941100358963013, 0.6724683046340942, 0.6652989983558655, 0.6556028127670288, 0.6638516783714294, 0.6856825947761536, 0.6868306994438171, 0.7009760141372681], "val_acc": [0.6205719113349915, 0.6880068182945251, 0.6982501149177551, 0.7336747646331787, 0.7426376342773438, 0.7464788556098938, 0.749893307685852, 0.746052086353302, 0.7520273327827454, 0.7545881271362305]}