{"loss": [0.9488584399223328, 0.8520049452781677, 0.7528863549232483, 0.6653037667274475, 0.6201777458190918, 0.5722399950027466, 0.5298575758934021, 0.512711763381958, 0.4792128801345825, 0.4549461603164673], "acc": [0.6167147159576416, 0.6472408771514893, 0.6839577555656433, 0.7281460165977478, 0.7571779489517212, 0.784075140953064, 0.8024335503578186, 0.8128935694694519, 0.8330665230751038, 0.843633234500885], "val_loss": [0.8693150877952576, 0.7851026654243469, 0.6996327638626099, 0.6712992191314697, 0.677644670009613, 0.6592890620231628, 0.6604287028312683, 0.6737589836120605, 0.6627668142318726, 0.6714346408843994], "val_acc": [0.6359368562698364, 0.666239857673645, 0.725565493106842, 0.7520273327827454, 0.7554417252540588, 0.7567221522331238, 0.7558685541152954, 0.7524541020393372, 0.7648314237594604, 0.7729406952857971]}