{"loss": [0.9972332119941711, 0.8552928566932678, 0.8114348649978638, 0.7621962428092957, 0.7355583310127258, 0.7067717909812927, 0.6866591572761536, 0.6543506383895874, 0.6405640244483948, 0.6257922649383545], "acc": [0.605400800704956, 0.652364194393158, 0.676059365272522, 0.6913224458694458, 0.7037037014961243, 0.7125626802444458, 0.7203543782234192, 0.7362578511238098, 0.7469313740730286, 0.7538691163063049], "val_loss": [0.8598572611808777, 0.7880778908729553, 0.7494267225265503, 0.7069214582443237, 0.6831640601158142, 0.6558817625045776, 0.6501174569129944, 0.6410722732543945, 0.6225565671920776, 0.623728334903717], "val_acc": [0.6064873933792114, 0.6679470539093018, 0.6931284666061401, 0.7170294523239136, 0.7225778698921204, 0.7362356185913086, 0.742210865020752, 0.7345283627510071, 0.7520273327827454, 0.7490397095680237]}