{"loss": [0.9323933124542236, 0.7728820443153381, 0.6970329880714417, 0.6423157453536987, 0.6107915043830872, 0.5728691220283508, 0.5274052619934082, 0.5130385160446167, 0.48178061842918396, 0.4656931459903717], "acc": [0.6211975812911987, 0.6724303364753723, 0.7435158491134644, 0.7744690179824829, 0.7894119024276733, 0.8072366118431091, 0.8217526078224182, 0.829971194267273, 0.845127522945404, 0.8425658941268921], "val_loss": [0.8520335555076599, 0.7203359007835388, 0.6760603785514832, 0.6527213454246521, 0.6453093886375427, 0.6342793107032776, 0.6344923377037048, 0.6465246081352234, 0.6514336466789246, 0.6626583337783813], "val_acc": [0.6064873933792114, 0.7110542058944702, 0.746052086353302, 0.7575757503509521, 0.760136604309082, 0.7673922181129456, 0.7635509967803955, 0.7644045948982239, 0.7618438005447388, 0.7631242275238037]}