{"loss": [0.8895129561424255, 0.7131109237670898, 0.6057827472686768, 0.526788055896759, 0.47079890966415405, 0.4249782860279083, 0.3918178081512451, 0.3610815107822418, 0.33773601055145264, 0.32031241059303284], "acc": [0.6313374042510986, 0.6954851150512695, 0.7508805394172668, 0.7919735312461853, 0.8226064443588257, 0.8401110172271729, 0.8556942939758301, 0.8727719187736511, 0.8769345879554749, 0.8862205147743225], "val_loss": [0.8173129558563232, 0.7205853462219238, 0.6656290292739868, 0.6357683539390564, 0.6212437152862549, 0.6110332608222961, 0.6146813631057739, 0.6274771690368652, 0.6265304684638977, 0.644798755645752], "val_acc": [0.6461800932884216, 0.6944088935852051, 0.7524541020393372, 0.7669654488563538, 0.7742210626602173, 0.7755014896392822, 0.7763550877571106, 0.7742210626602173, 0.7720870971679688, 0.7699530720710754]}