{"loss": [0.9086028337478638, 0.7288757562637329, 0.6208417415618896, 0.5441623330116272, 0.4997759461402893, 0.4605451226234436, 0.4199173152446747, 0.4066801071166992, 0.37969791889190674, 0.3629951477050781], "acc": [0.6288824677467346, 0.6664531826972961, 0.7523748278617859, 0.7994449734687805, 0.822393000125885, 0.84459388256073, 0.8640196323394775, 0.8704237341880798, 0.8826982378959656, 0.8852599263191223], "val_loss": [0.8084791302680969, 0.6950468420982361, 0.6673818826675415, 0.6621033549308777, 0.6788056492805481, 0.6769595146179199, 0.6900851130485535, 0.726116955280304, 0.7167300581932068, 0.7571874260902405], "val_acc": [0.6060606241226196, 0.7366623878479004, 0.7545881271362305, 0.7699530720710754, 0.760136604309082, 0.7661118507385254, 0.7661118507385254, 0.7661118507385254, 0.7737942934036255, 0.7755014896392822]}