{"loss": [0.3421894907951355, 0.3339272737503052, 0.3094765245914459, 0.3016839921474457, 0.29118913412094116, 0.27797502279281616, 0.2651086151599884, 0.2581515610218048, 0.25474533438682556, 0.24538113176822662], "acc": [0.8942256569862366, 0.8980680704116821, 0.9048991203308105, 0.9109830260276794, 0.9113032221794128, 0.9176005721092224, 0.9227238893508911, 0.924858570098877, 0.9277403950691223, 0.9293414354324341], "val_loss": [0.7370997667312622, 0.7404946684837341, 0.7442129254341125, 0.7682539820671082, 0.8254302144050598, 0.8102121353149414, 0.8380724787712097, 0.8585564494132996, 0.8233752846717834, 0.9351379871368408], "val_acc": [0.7750746607780457, 0.7776355147361755, 0.7737942934036255, 0.7767819166183472, 0.7759283185005188, 0.7614169716835022, 0.7725138664245605, 0.7750746607780457, 0.7725138664245605, 0.7669654488563538]}