{"loss": [0.9972332119941711, 0.8552928566932678, 0.8114348649978638, 0.7621962428092957, 0.7355583310127258, 0.7067718505859375, 0.6866591572761536, 0.6543506383895874, 0.6405640244483948, 0.6257922649383545, 0.6099336743354797, 0.5877522230148315, 0.5830214023590088, 0.5723795890808105, 0.5561487674713135, 0.5475561022758484, 0.5271469354629517, 0.5150584578514099, 0.5089932680130005, 0.5009022355079651, 0.4876793920993805, 0.4867889881134033, 0.4763346016407013, 0.4604323208332062, 0.45713672041893005], "acc": [0.605400800704956, 0.652364194393158, 0.676059365272522, 0.6913224458694458, 0.7037037014961243, 0.7125626802444458, 0.7203543782234192, 0.7362578511238098, 0.7469313740730286, 0.7538691163063049, 0.7569644451141357, 0.7657167315483093, 0.7690255045890808, 0.7712669372558594, 0.7771373391151428, 0.7843953371047974, 0.7938947677612305, 0.8014729619026184, 0.802647054195404, 0.8074501156806946, 0.8087309002876282, 0.8160956501960754, 0.8196178674697876, 0.8219660520553589, 0.8251681327819824], "val_loss": [0.8598572611808777, 0.7880778908729553, 0.7494266629219055, 0.7069215178489685, 0.6831640601158142, 0.6558817625045776, 0.6501174569129944, 0.6410722732543945, 0.6225565671920776, 0.623728334903717, 0.6065361499786377, 0.6027123928070068, 0.6018388867378235, 0.5948161482810974, 0.5957355499267578, 0.5916328430175781, 0.5836872458457947, 0.5771459341049194, 0.586728036403656, 0.580217182636261, 0.6123104691505432, 0.6005035042762756, 0.5868189334869385, 0.584983229637146, 0.5842291712760925], "val_acc": [0.6064873933792114, 0.6679470539093018, 0.6931284666061401, 0.7170294523239136, 0.7225778698921204, 0.7362356185913086, 0.742210865020752, 0.7345283627510071, 0.7520273327827454, 0.7490397095680237, 0.7567221522331238, 0.7626973986625671, 0.7639778256416321, 0.7678190469741821, 0.7678190469741821, 0.7742210626602173, 0.7737942934036255, 0.7737942934036255, 0.7767819166183472, 0.7776355147361755, 0.777208685874939, 0.7840375304222107, 0.782330334186554, 0.7789159417152405, 0.782330334186554]}