{"loss": [0.8771191835403442, 0.6910482048988342, 0.5935553908348083, 0.5291661620140076, 0.4901423752307892, 0.44678589701652527, 0.40310585498809814, 0.3688962459564209, 0.33518776297569275, 0.31259551644325256], "acc": [0.6311239004135132, 0.7011420726776123, 0.7479987144470215, 0.7779912352561951, 0.7970967888832092, 0.8194044232368469, 0.8452342748641968, 0.8629522919654846, 0.8820578455924988, 0.8903831839561462], "val_loss": [0.7705778479576111, 0.68948894739151, 0.6570292115211487, 0.6522626876831055, 0.6656732559204102, 0.6529940366744995, 0.6603575348854065, 0.6784018874168396, 0.6934719085693359, 0.7083411812782288], "val_acc": [0.6585574150085449, 0.7029449343681335, 0.7520273327827454, 0.7507469058036804, 0.751173734664917, 0.7580025792121887, 0.7609902024269104, 0.7597097754478455, 0.7673922181129456, 0.7597097754478455]}