{"loss": [0.8731274604797363, 0.6902977228164673, 0.6093348264694214, 0.5470911860466003, 0.5018994212150574, 0.469068318605423, 0.43285489082336426, 0.4123706519603729, 0.3887529671192169, 0.35721683502197266], "acc": [0.6375280022621155, 0.7316682934761047, 0.7739353179931641, 0.7956025004386902, 0.816842794418335, 0.8270893096923828, 0.8434197902679443, 0.852599024772644, 0.8686092495918274, 0.8742662072181702], "val_loss": [0.8380805850028992, 0.7192460894584656, 0.6833102107048035, 0.667985737323761, 0.6498841643333435, 0.6422808170318604, 0.6399306654930115, 0.6334909796714783, 0.6298176646232605, 0.6322128176689148], "val_acc": [0.6709346771240234, 0.7392232418060303, 0.7494664788246155, 0.755014955997467, 0.7541613578796387, 0.749893307685852, 0.7545881271362305, 0.7584293484687805, 0.755014955997467, 0.760136604309082]}