{"loss": [0.567659318447113, 0.45946910977363586, 0.41257530450820923, 0.38134628534317017, 0.364890992641449, 0.34932467341423035, 0.3361015319824219, 0.32904037833213806, 0.32083362340927124, 0.31306782364845276], "acc": [0.6284555196762085, 0.6552460193634033, 0.6849183440208435, 0.7137367725372314, 0.748745858669281, 0.7632617950439453, 0.7742555141448975, 0.7839683890342712, 0.7912263870239258, 0.79464191198349], "val_loss": [0.4805048406124115, 0.4253561198711395, 0.4098498523235321, 0.4039730131626129, 0.40119409561157227, 0.39974772930145264, 0.4009854793548584, 0.40893784165382385, 0.40471988916397095, 0.40944066643714905], "val_acc": [0.6154502630233765, 0.6589841842651367, 0.672641932964325, 0.7174562811851501, 0.740930438041687, 0.7473324537277222, 0.749893307685852, 0.746052086353302, 0.7533077001571655, 0.755014955997467]}