{"loss": [0.8476883172988892, 0.5804743766784668, 0.48974618315696716, 0.4178231954574585, 0.36079123616218567, 0.3222999572753906, 0.2900545597076416, 0.2647046744823456, 0.2449214905500412, 0.2345348745584488], "acc": [0.6626107096672058, 0.7788451313972473, 0.8153485059738159, 0.8490767478942871, 0.8741594552993774, 0.8903831839561462, 0.902657687664032, 0.9121571183204651, 0.9184544682502747, 0.9231508374214172], "val_loss": [0.6924654245376587, 0.633319079875946, 0.6369753479957581, 0.6310809254646301, 0.711254358291626, 0.6736899018287659, 0.6457158327102661, 0.7791581749916077, 0.8102536797523499, 0.775285005569458], "val_acc": [0.7225778698921204, 0.7524541020393372, 0.7588561773300171, 0.7690994739532471, 0.7746478915214539, 0.7695262432098389, 0.7669654488563538, 0.7669654488563538, 0.7609902024269104, 0.7669654488563538]}